"","n_nodes"
"Graph1",50
"Graph2",50
"Graph3",50
"Graph4",50
"Graph5",50
"Graph6",50
"Graph7",50
"Graph8",50
"Graph9",50
"Graph10",50
"Graph11",50
"Graph12",50
"Graph13",50
"Graph14",50
"Graph15",50
"Graph16",50
"Graph17",50
"Graph18",50
"Graph19",50
"Graph20",50
"Graph21",50
"Graph22",50
"Graph23",50
"Graph24",50
"Graph25",50
"Graph26",50
"Graph27",50
"Graph28",50
"Graph29",50
"Graph30",50
"Graph31",50
"Graph32",50
"Graph33",50
"Graph34",50
"Graph35",50
"Graph36",50
"Graph37",50
"Graph38",50
"Graph39",50
"Graph40",50
"Graph41",50
"Graph42",50
"Graph43",50
"Graph44",50
"Graph45",50
"Graph46",50
"Graph47",50
"Graph48",50
"Graph49",50
"Graph50",50
"Graph51",50
"Graph52",50
"Graph53",50
"Graph54",50
"Graph55",50
"Graph56",50
"Graph57",50
"Graph58",50
"Graph59",50
"Graph60",50
"Graph61",50
"Graph62",50
"Graph63",50
"Graph64",50
"Graph65",50
"Graph66",50
"Graph67",50
"Graph68",50
"Graph69",50
"Graph70",50
"Graph71",50
"Graph72",50
"Graph73",50
"Graph74",50
"Graph75",50
"Graph76",50
"Graph77",50
"Graph78",50
"Graph79",50
"Graph80",50
"Graph81",50
"Graph82",50
"Graph83",50
"Graph84",50
"Graph85",50
"Graph86",50
"Graph87",50
"Graph88",50
"Graph89",50
"Graph90",50
"Graph91",50
"Graph92",50
"Graph93",50
"Graph94",50
"Graph95",50
"Graph96",50
"Graph97",50
"Graph98",50
"Graph99",50
"Graph100",50
"Graph101",50
"Graph102",50
"Graph103",50
"Graph104",50
"Graph105",50
"Graph106",50
"Graph107",50
"Graph108",50
"Graph109",50
"Graph110",50
"Graph111",50
"Graph112",50
"Graph113",50
"Graph114",50
"Graph115",50
"Graph116",50
"Graph117",50
"Graph118",50
"Graph119",50
"Graph120",50
"Graph121",50
"Graph122",50
"Graph123",50
"Graph124",50
"Graph125",50
"Graph126",50
"Graph127",50
"Graph128",50
"Graph129",50
"Graph130",50
"Graph131",50
"Graph132",50
"Graph133",50
"Graph134",50
"Graph135",50
"Graph136",50
"Graph137",50
"Graph138",50
"Graph139",50
"Graph140",50
"Graph141",50
"Graph142",50
"Graph143",50
"Graph144",50
"Graph145",50
"Graph146",50
"Graph147",50
"Graph148",50
"Graph149",50
"Graph150",50
"Graph151",50
"Graph152",50
"Graph153",50
"Graph154",50
"Graph155",50
"Graph156",50
"Graph157",50
"Graph158",50
"Graph159",50
"Graph160",50
"Graph161",50
"Graph162",50
"Graph163",50
"Graph164",50
"Graph165",50
"Graph166",50
"Graph167",50
"Graph168",50
"Graph169",50
"Graph170",50
"Graph171",50
"Graph172",50
"Graph173",50
"Graph174",50
"Graph175",50
"Graph176",50
"Graph177",50
"Graph178",50
"Graph179",50
"Graph180",50
"Graph181",50
"Graph182",50
"Graph183",50
"Graph184",50
"Graph185",50
"Graph186",50
"Graph187",50
"Graph188",50
"Graph189",50
"Graph190",50
"Graph191",50
"Graph192",50
"Graph193",50
"Graph194",50
"Graph195",50
"Graph196",50
"Graph197",50
"Graph198",50
"Graph199",50
"Graph200",50
"Graph201",50
"Graph202",50
"Graph203",50
"Graph204",50
"Graph205",50
"Graph206",50
"Graph207",50
"Graph208",50
"Graph209",50
"Graph210",50
"Graph211",50
"Graph212",50
"Graph213",50
"Graph214",50
"Graph215",50
"Graph216",50
"Graph217",50
"Graph218",50
"Graph219",50
"Graph220",50
"Graph221",50
"Graph222",50
"Graph223",50
"Graph224",50
"Graph225",50
"Graph226",50
"Graph227",50
"Graph228",50
"Graph229",50
"Graph230",50
"Graph231",50
"Graph232",50
"Graph233",50
"Graph234",50
"Graph235",50
"Graph236",50
"Graph237",50
"Graph238",50
"Graph239",50
"Graph240",50
"Graph241",50
"Graph242",50
"Graph243",50
"Graph244",50
"Graph245",50
"Graph246",50
"Graph247",50
"Graph248",50
"Graph249",50
"Graph250",50
"Graph251",50
"Graph252",50
"Graph253",50
"Graph254",50
"Graph255",50
"Graph256",50
"Graph257",50
"Graph258",50
"Graph259",50
"Graph260",50
"Graph261",50
"Graph262",50
"Graph263",50
"Graph264",50
"Graph265",50
"Graph266",50
"Graph267",50
"Graph268",50
"Graph269",50
"Graph270",50
"Graph271",50
"Graph272",50
"Graph273",50
"Graph274",50
"Graph275",50
"Graph276",50
"Graph277",50
"Graph278",50
"Graph279",50
"Graph280",50
"Graph281",50
"Graph282",50
"Graph283",50
"Graph284",50
"Graph285",50
"Graph286",50
"Graph287",50
"Graph288",50
"Graph289",50
"Graph290",50
"Graph291",50
"Graph292",50
"Graph293",50
"Graph294",50
"Graph295",50
"Graph296",50
"Graph297",50
"Graph298",50
"Graph299",50
"Graph300",50
"Graph301",50
"Graph302",50
"Graph303",50
"Graph304",50
"Graph305",50
"Graph306",50
"Graph307",50
"Graph308",50
"Graph309",50
"Graph310",50
"Graph311",50
"Graph312",50
"Graph313",50
"Graph314",50
"Graph315",50
"Graph316",50
"Graph317",50
"Graph318",50
"Graph319",50
"Graph320",50
"Graph321",50
"Graph322",50
"Graph323",50
"Graph324",50
"Graph325",50
"Graph326",50
"Graph327",50
"Graph328",50
"Graph329",50
"Graph330",50
"Graph331",50
"Graph332",50
"Graph333",50
"Graph334",50
"Graph335",50
"Graph336",50
"Graph337",50
"Graph338",50
"Graph339",50
"Graph340",50
"Graph341",50
"Graph342",50
"Graph343",50
"Graph344",50
"Graph345",50
"Graph346",50
"Graph347",50
"Graph348",50
"Graph349",50
"Graph350",50
"Graph351",50
"Graph352",50
"Graph353",50
"Graph354",50
"Graph355",50
"Graph356",50
"Graph357",50
"Graph358",50
"Graph359",50
"Graph360",50
"Graph361",50
"Graph362",50
"Graph363",50
"Graph364",50
"Graph365",50
"Graph366",50
"Graph367",50
"Graph368",50
"Graph369",50
"Graph370",50
"Graph371",50
"Graph372",50
"Graph373",50
"Graph374",50
"Graph375",50
"Graph376",50
"Graph377",50
"Graph378",50
"Graph379",50
"Graph380",50
"Graph381",50
"Graph382",50
"Graph383",50
"Graph384",50
"Graph385",50
"Graph386",50
"Graph387",50
"Graph388",50
"Graph389",50
"Graph390",50
"Graph391",50
"Graph392",50
"Graph393",50
"Graph394",50
"Graph395",50
"Graph396",50
"Graph397",50
"Graph398",50
"Graph399",50
"Graph400",50
"Graph401",50
"Graph402",50
"Graph403",50
"Graph404",50
"Graph405",50
"Graph406",50
"Graph407",50
"Graph408",50
"Graph409",50
"Graph410",50
"Graph411",50
"Graph412",50
"Graph413",50
"Graph414",50
"Graph415",50
"Graph416",50
"Graph417",50
"Graph418",50
"Graph419",50
"Graph420",50
"Graph421",50
"Graph422",50
"Graph423",50
"Graph424",50
"Graph425",50
"Graph426",50
"Graph427",50
"Graph428",50
"Graph429",50
"Graph430",50
"Graph431",50
"Graph432",50
"Graph433",50
"Graph434",50
"Graph435",50
"Graph436",50
"Graph437",50
"Graph438",50
"Graph439",50
"Graph440",50
"Graph441",50
"Graph442",50
"Graph443",50
"Graph444",50
"Graph445",50
"Graph446",50
"Graph447",50
"Graph448",50
"Graph449",50
"Graph450",50
"Graph451",50
"Graph452",50
"Graph453",50
"Graph454",50
"Graph455",50
"Graph456",50
"Graph457",50
"Graph458",50
"Graph459",50
"Graph460",50
"Graph461",50
"Graph462",50
"Graph463",50
"Graph464",50
"Graph465",50
"Graph466",50
"Graph467",50
"Graph468",50
"Graph469",50
"Graph470",50
"Graph471",50
"Graph472",50
"Graph473",50
"Graph474",50
"Graph475",50
"Graph476",50
"Graph477",50
"Graph478",50
"Graph479",50
"Graph480",50
"Graph481",50
"Graph482",50
"Graph483",50
"Graph484",50
"Graph485",50
"Graph486",50
"Graph487",50
"Graph488",50
"Graph489",50
"Graph490",50
"Graph491",50
"Graph492",50
"Graph493",50
"Graph494",50
"Graph495",50
"Graph496",50
"Graph497",50
"Graph498",50
"Graph499",50
"Graph500",50
"Graph501",50
"Graph502",50
"Graph503",50
"Graph504",50
"Graph505",50
"Graph506",50
"Graph507",50
"Graph508",50
"Graph509",50
"Graph510",50
"Graph511",50
"Graph512",50
"Graph513",50
"Graph514",50
"Graph515",50
"Graph516",50
"Graph517",50
"Graph518",50
"Graph519",50
"Graph520",50
"Graph521",50
"Graph522",50
"Graph523",50
"Graph524",50
"Graph525",50
"Graph526",50
"Graph527",50
"Graph528",50
"Graph529",50
"Graph530",50
"Graph531",50
"Graph532",50
"Graph533",50
"Graph534",50
"Graph535",50
"Graph536",50
"Graph537",50
"Graph538",50
"Graph539",50
"Graph540",50
"Graph541",50
"Graph542",50
"Graph543",50
"Graph544",50
"Graph545",50
"Graph546",50
"Graph547",50
"Graph548",50
"Graph549",50
"Graph550",50
"Graph551",50
"Graph552",50
"Graph553",50
"Graph554",50
"Graph555",50
"Graph556",50
"Graph557",50
"Graph558",50
"Graph559",50
"Graph560",50
"Graph561",50
"Graph562",50
"Graph563",50
"Graph564",50
"Graph565",50
"Graph566",50
"Graph567",50
"Graph568",50
"Graph569",50
"Graph570",50
"Graph571",50
"Graph572",50
"Graph573",50
"Graph574",50
"Graph575",50
"Graph576",50
"Graph577",50
"Graph578",50
"Graph579",50
"Graph580",50
"Graph581",50
"Graph582",50
"Graph583",50
"Graph584",50
"Graph585",50
"Graph586",50
"Graph587",50
"Graph588",50
"Graph589",50
"Graph590",50
"Graph591",50
"Graph592",50
"Graph593",50
"Graph594",50
"Graph595",50
"Graph596",50
"Graph597",50
"Graph598",50
"Graph599",50
"Graph600",50
"Graph601",50
"Graph602",50
"Graph603",50
"Graph604",50
"Graph605",50
"Graph606",50
"Graph607",50
"Graph608",50
"Graph609",50
"Graph610",50
"Graph611",50
"Graph612",50
"Graph613",50
"Graph614",50
"Graph615",50
"Graph616",50
"Graph617",50
"Graph618",50
"Graph619",50
"Graph620",50
"Graph621",50
"Graph622",50
"Graph623",50
"Graph624",50
"Graph625",50
"Graph626",50
"Graph627",50
"Graph628",50
"Graph629",50
"Graph630",50
"Graph631",50
"Graph632",50
"Graph633",50
"Graph634",50
"Graph635",50
"Graph636",50
"Graph637",50
"Graph638",50
"Graph639",50
"Graph640",50
"Graph641",50
"Graph642",50
"Graph643",50
"Graph644",50
"Graph645",50
"Graph646",50
"Graph647",50
"Graph648",50
"Graph649",50
"Graph650",50
"Graph651",50
"Graph652",50
"Graph653",50
"Graph654",50
"Graph655",50
"Graph656",50
"Graph657",50
"Graph658",50
"Graph659",50
"Graph660",50
"Graph661",50
"Graph662",50
"Graph663",50
"Graph664",50
"Graph665",50
"Graph666",50
"Graph667",50
"Graph668",50
"Graph669",50
"Graph670",50
"Graph671",50
"Graph672",50
"Graph673",50
"Graph674",50
"Graph675",50
"Graph676",50
"Graph677",50
"Graph678",50
"Graph679",50
"Graph680",50
"Graph681",50
"Graph682",50
"Graph683",50
"Graph684",50
"Graph685",50
"Graph686",50
"Graph687",50
"Graph688",50
"Graph689",50
"Graph690",50
"Graph691",50
"Graph692",50
"Graph693",50
"Graph694",50
"Graph695",50
"Graph696",50
"Graph697",50
"Graph698",50
"Graph699",50
"Graph700",50
"Graph701",50
"Graph702",50
"Graph703",50
"Graph704",50
"Graph705",50
"Graph706",50
"Graph707",50
"Graph708",50
"Graph709",50
"Graph710",50
"Graph711",50
"Graph712",50
"Graph713",50
"Graph714",50
"Graph715",50
"Graph716",50
"Graph717",50
"Graph718",50
"Graph719",50
"Graph720",50
"Graph721",50
"Graph722",50
"Graph723",50
"Graph724",50
"Graph725",50
"Graph726",50
"Graph727",50
"Graph728",50
"Graph729",50
"Graph730",50
"Graph731",50
"Graph732",50
"Graph733",50
"Graph734",50
"Graph735",50
"Graph736",50
"Graph737",50
"Graph738",50
"Graph739",50
"Graph740",50
"Graph741",50
"Graph742",50
"Graph743",50
"Graph744",50
"Graph745",50
"Graph746",50
"Graph747",50
"Graph748",50
"Graph749",50
"Graph750",50
"Graph751",50
"Graph752",50
"Graph753",50
"Graph754",50
"Graph755",50
"Graph756",50
"Graph757",50
"Graph758",50
"Graph759",50
"Graph760",50
"Graph761",50
"Graph762",50
"Graph763",50
"Graph764",50
"Graph765",50
"Graph766",50
"Graph767",50
"Graph768",50
"Graph769",50
"Graph770",50
"Graph771",50
"Graph772",50
"Graph773",50
"Graph774",50
"Graph775",50
"Graph776",50
"Graph777",50
"Graph778",50
"Graph779",50
"Graph780",50
"Graph781",50
"Graph782",50
"Graph783",50
"Graph784",50
"Graph785",50
"Graph786",50
"Graph787",50
"Graph788",50
"Graph789",50
"Graph790",50
"Graph791",50
"Graph792",50
"Graph793",50
"Graph794",50
"Graph795",50
"Graph796",50
"Graph797",50
"Graph798",50
"Graph799",50
"Graph800",50
"Graph801",50
"Graph802",50
"Graph803",50
"Graph804",50
"Graph805",50
"Graph806",50
"Graph807",50
"Graph808",50
"Graph809",50
"Graph810",50
"Graph811",50
"Graph812",50
"Graph813",50
"Graph814",50
"Graph815",50
"Graph816",50
"Graph817",50
"Graph818",50
"Graph819",50
"Graph820",50
"Graph821",50
"Graph822",50
"Graph823",50
"Graph824",50
"Graph825",50
"Graph826",50
"Graph827",50
"Graph828",50
"Graph829",50
"Graph830",50
"Graph831",50
"Graph832",50
"Graph833",50
"Graph834",50
"Graph835",50
"Graph836",50
"Graph837",50
"Graph838",50
"Graph839",50
"Graph840",50
"Graph841",50
"Graph842",50
"Graph843",50
"Graph844",50
"Graph845",50
"Graph846",50
"Graph847",50
"Graph848",50
"Graph849",50
"Graph850",50
"Graph851",50
"Graph852",50
"Graph853",50
"Graph854",50
"Graph855",50
"Graph856",50
"Graph857",50
"Graph858",50
"Graph859",50
"Graph860",50
"Graph861",50
"Graph862",50
"Graph863",50
"Graph864",50
"Graph865",50
"Graph866",50
"Graph867",50
"Graph868",50
"Graph869",50
"Graph870",50
"Graph871",50
"Graph872",50
"Graph873",50
"Graph874",50
"Graph875",50
"Graph876",50
"Graph877",50
"Graph878",50
"Graph879",50
"Graph880",50
"Graph881",50
"Graph882",50
"Graph883",50
"Graph884",50
"Graph885",50
"Graph886",50
"Graph887",50
"Graph888",50
"Graph889",50
"Graph890",50
"Graph891",50
"Graph892",50
"Graph893",50
"Graph894",50
"Graph895",50
"Graph896",50
"Graph897",50
"Graph898",50
"Graph899",50
"Graph900",50
"Graph901",50
"Graph902",50
"Graph903",50
"Graph904",50
"Graph905",50
"Graph906",50
"Graph907",50
"Graph908",50
"Graph909",50
"Graph910",50
"Graph911",50
"Graph912",50
"Graph913",50
"Graph914",50
"Graph915",50
"Graph916",50
"Graph917",50
"Graph918",50
"Graph919",50
"Graph920",50
"Graph921",50
"Graph922",50
"Graph923",50
"Graph924",50
"Graph925",50
"Graph926",50
"Graph927",50
"Graph928",50
"Graph929",50
"Graph930",50
"Graph931",50
"Graph932",50
"Graph933",50
"Graph934",50
"Graph935",50
"Graph936",50
"Graph937",50
"Graph938",50
"Graph939",50
"Graph940",50
"Graph941",50
"Graph942",50
"Graph943",50
"Graph944",50
"Graph945",50
"Graph946",50
"Graph947",50
"Graph948",50
"Graph949",50
"Graph950",50
"Graph951",50
"Graph952",50
"Graph953",50
"Graph954",50
"Graph955",50
"Graph956",50
"Graph957",50
"Graph958",50
"Graph959",50
"Graph960",50
"Graph961",50
"Graph962",50
"Graph963",50
"Graph964",50
"Graph965",50
"Graph966",50
"Graph967",50
"Graph968",50
"Graph969",50
"Graph970",50
"Graph971",50
"Graph972",50
"Graph973",50
"Graph974",50
"Graph975",50
"Graph976",50
"Graph977",50
"Graph978",50
"Graph979",50
"Graph980",50
"Graph981",50
"Graph982",50
"Graph983",50
"Graph984",50
"Graph985",50
"Graph986",50
"Graph987",50
"Graph988",50
"Graph989",50
"Graph990",50
"Graph991",50
"Graph992",50
"Graph993",50
"Graph994",50
"Graph995",50
"Graph996",50
"Graph997",50
"Graph998",50
"Graph999",50
"Graph1000",50
"Graph1001",50
"Graph1002",50
"Graph1003",50
"Graph1004",50
"Graph1005",50
"Graph1006",50
"Graph1007",50
"Graph1008",50
"Graph1009",50
"Graph1010",50
"Graph1011",50
"Graph1012",50
"Graph1013",50
"Graph1014",50
"Graph1015",50
"Graph1016",50
"Graph1017",50
"Graph1018",50
"Graph1019",50
"Graph1020",50
"Graph1021",50
"Graph1022",50
"Graph1023",50
"Graph1024",50
"Graph1025",50
"Graph1026",50
"Graph1027",50
"Graph1028",50
"Graph1029",50
"Graph1030",50
"Graph1031",50
"Graph1032",50
"Graph1033",50
"Graph1034",50
"Graph1035",50
"Graph1036",50
"Graph1037",50
"Graph1038",50
"Graph1039",50
"Graph1040",50
"Graph1041",50
"Graph1042",50
"Graph1043",50
"Graph1044",50
"Graph1045",50
"Graph1046",50
"Graph1047",50
"Graph1048",50
"Graph1049",50
"Graph1050",50
"Graph1051",50
"Graph1052",50
"Graph1053",50
"Graph1054",50
"Graph1055",50
"Graph1056",50
"Graph1057",50
"Graph1058",50
"Graph1059",50
"Graph1060",50
"Graph1061",50
"Graph1062",50
"Graph1063",50
"Graph1064",50
"Graph1065",50
"Graph1066",50
"Graph1067",50
"Graph1068",50
"Graph1069",50
"Graph1070",50
"Graph1071",50
"Graph1072",50
"Graph1073",50
"Graph1074",50
"Graph1075",50
"Graph1076",50
"Graph1077",50
"Graph1078",50
"Graph1079",50
"Graph1080",50
"Graph1081",50
"Graph1082",50
"Graph1083",50
"Graph1084",50
"Graph1085",50
"Graph1086",50
"Graph1087",50
"Graph1088",50
"Graph1089",50
"Graph1090",50
"Graph1091",50
"Graph1092",50
"Graph1093",50
"Graph1094",50
"Graph1095",50
"Graph1096",50
"Graph1097",50
"Graph1098",50
"Graph1099",50
"Graph1100",50
"Graph1101",50
"Graph1102",50
"Graph1103",50
"Graph1104",50
"Graph1105",50
"Graph1106",50
"Graph1107",50
"Graph1108",50
"Graph1109",50
"Graph1110",50
"Graph1111",50
"Graph1112",50
"Graph1113",50
"Graph1114",50
"Graph1115",50
"Graph1116",50
"Graph1117",50
"Graph1118",50
"Graph1119",50
"Graph1120",50
"Graph1121",50
"Graph1122",50
"Graph1123",50
"Graph1124",50
"Graph1125",50
"Graph1126",50
"Graph1127",50
"Graph1128",50
"Graph1129",50
"Graph1130",50
"Graph1131",50
"Graph1132",50
"Graph1133",50
"Graph1134",50
"Graph1135",50
"Graph1136",50
"Graph1137",50
"Graph1138",50
"Graph1139",50
"Graph1140",50
"Graph1141",50
"Graph1142",50
"Graph1143",50
"Graph1144",50
"Graph1145",50
"Graph1146",50
"Graph1147",50
"Graph1148",50
"Graph1149",50
"Graph1150",50
"Graph1151",50
"Graph1152",50
"Graph1153",50
"Graph1154",50
"Graph1155",50
"Graph1156",50
"Graph1157",50
"Graph1158",50
"Graph1159",50
"Graph1160",50
"Graph1161",50
"Graph1162",50
"Graph1163",50
"Graph1164",50
"Graph1165",50
"Graph1166",50
"Graph1167",50
"Graph1168",50
"Graph1169",50
"Graph1170",50
"Graph1171",50
"Graph1172",50
"Graph1173",50
"Graph1174",50
"Graph1175",50
"Graph1176",50
"Graph1177",50
"Graph1178",50
"Graph1179",50
"Graph1180",50
"Graph1181",50
"Graph1182",50
"Graph1183",50
"Graph1184",50
"Graph1185",50
"Graph1186",50
"Graph1187",50
"Graph1188",50
"Graph1189",50
"Graph1190",50
"Graph1191",50
"Graph1192",50
"Graph1193",50
"Graph1194",50
"Graph1195",50
"Graph1196",50
"Graph1197",50
"Graph1198",50
"Graph1199",50
"Graph1200",50
"Graph1201",50
"Graph1202",50
"Graph1203",50
"Graph1204",50
"Graph1205",50
"Graph1206",50
"Graph1207",50
"Graph1208",50
"Graph1209",50
"Graph1210",50
"Graph1211",50
"Graph1212",50
"Graph1213",50
"Graph1214",50
"Graph1215",50
"Graph1216",50
"Graph1217",50
"Graph1218",50
"Graph1219",50
"Graph1220",50
"Graph1221",50
"Graph1222",50
"Graph1223",50
"Graph1224",50
"Graph1225",50
"Graph1226",50
"Graph1227",50
"Graph1228",50
"Graph1229",50
"Graph1230",50
"Graph1231",50
"Graph1232",50
"Graph1233",50
"Graph1234",50
"Graph1235",50
"Graph1236",50
"Graph1237",50
"Graph1238",50
"Graph1239",50
"Graph1240",50
"Graph1241",50
"Graph1242",50
"Graph1243",50
"Graph1244",50
"Graph1245",50
"Graph1246",50
"Graph1247",50
"Graph1248",50
"Graph1249",50
"Graph1250",50
"Graph1251",50
"Graph1252",50
"Graph1253",50
"Graph1254",50
"Graph1255",50
"Graph1256",50
"Graph1257",50
"Graph1258",50
"Graph1259",50
"Graph1260",50
"Graph1261",50
"Graph1262",50
"Graph1263",50
"Graph1264",50
"Graph1265",50
"Graph1266",50
"Graph1267",50
"Graph1268",50
"Graph1269",50
"Graph1270",50
"Graph1271",50
"Graph1272",50
"Graph1273",50
"Graph1274",50
"Graph1275",50
"Graph1276",50
"Graph1277",50
"Graph1278",50
"Graph1279",50
"Graph1280",50
"Graph1281",50
"Graph1282",50
"Graph1283",50
"Graph1284",50
"Graph1285",50
"Graph1286",50
"Graph1287",50
"Graph1288",50
"Graph1289",50
"Graph1290",50
"Graph1291",50
"Graph1292",50
"Graph1293",50
"Graph1294",50
"Graph1295",50
"Graph1296",50
"Graph1297",50
"Graph1298",50
"Graph1299",50
"Graph1300",50
"Graph1301",50
"Graph1302",50
"Graph1303",50
"Graph1304",50
"Graph1305",50
"Graph1306",50
"Graph1307",50
"Graph1308",50
"Graph1309",50
"Graph1310",50
"Graph1311",50
"Graph1312",50
"Graph1313",50
"Graph1314",50
"Graph1315",50
"Graph1316",50
"Graph1317",50
"Graph1318",50
"Graph1319",50
"Graph1320",50
"Graph1321",50
"Graph1322",50
"Graph1323",50
"Graph1324",50
"Graph1325",50
"Graph1326",50
"Graph1327",50
"Graph1328",50
"Graph1329",50
"Graph1330",50
"Graph1331",50
"Graph1332",50
"Graph1333",50
"Graph1334",50
"Graph1335",50
"Graph1336",50
"Graph1337",50
"Graph1338",50
"Graph1339",50
"Graph1340",50
"Graph1341",50
"Graph1342",50
"Graph1343",50
"Graph1344",50
"Graph1345",50
"Graph1346",50
"Graph1347",50
"Graph1348",50
"Graph1349",50
"Graph1350",50
"Graph1351",50
"Graph1352",50
"Graph1353",50
"Graph1354",50
"Graph1355",50
"Graph1356",50
"Graph1357",50
"Graph1358",50
"Graph1359",50
"Graph1360",50
"Graph1361",50
"Graph1362",50
"Graph1363",50
"Graph1364",50
"Graph1365",50
"Graph1366",50
"Graph1367",50
"Graph1368",50
"Graph1369",50
"Graph1370",50
"Graph1371",50
"Graph1372",50
"Graph1373",50
"Graph1374",50
"Graph1375",50
"Graph1376",50
"Graph1377",50
"Graph1378",50
"Graph1379",50
"Graph1380",50
"Graph1381",50
"Graph1382",50
"Graph1383",50
"Graph1384",50
"Graph1385",50
"Graph1386",50
"Graph1387",50
"Graph1388",50
"Graph1389",50
"Graph1390",50
"Graph1391",50
"Graph1392",50
"Graph1393",50
"Graph1394",50
"Graph1395",50
"Graph1396",50
"Graph1397",50
"Graph1398",50
"Graph1399",50
"Graph1400",50
"Graph1401",50
"Graph1402",50
"Graph1403",50
"Graph1404",50
"Graph1405",50
"Graph1406",50
"Graph1407",50
"Graph1408",50
"Graph1409",50
"Graph1410",50
"Graph1411",50
"Graph1412",50
"Graph1413",50
"Graph1414",50
"Graph1415",50
"Graph1416",50
"Graph1417",50
"Graph1418",50
"Graph1419",50
"Graph1420",50
"Graph1421",50
"Graph1422",50
"Graph1423",50
"Graph1424",50
"Graph1425",50
"Graph1426",50
"Graph1427",50
"Graph1428",50
"Graph1429",50
"Graph1430",50
"Graph1431",50
"Graph1432",50
"Graph1433",50
"Graph1434",50
"Graph1435",50
"Graph1436",50
"Graph1437",50
"Graph1438",50
"Graph1439",50
"Graph1440",50
"Graph1441",50
"Graph1442",50
"Graph1443",50
"Graph1444",50
"Graph1445",50
"Graph1446",50
"Graph1447",50
"Graph1448",50
"Graph1449",50
"Graph1450",50
"Graph1451",50
"Graph1452",50
"Graph1453",50
"Graph1454",50
"Graph1455",50
"Graph1456",50
"Graph1457",50
"Graph1458",50
"Graph1459",50
"Graph1460",50
"Graph1461",50
"Graph1462",50
"Graph1463",50
"Graph1464",50
"Graph1465",50
"Graph1466",50
"Graph1467",50
"Graph1468",50
"Graph1469",50
"Graph1470",50
"Graph1471",50
"Graph1472",50
"Graph1473",50
"Graph1474",50
"Graph1475",50
"Graph1476",50
"Graph1477",50
"Graph1478",50
"Graph1479",50
"Graph1480",50
"Graph1481",50
"Graph1482",50
"Graph1483",50
"Graph1484",50
"Graph1485",50
"Graph1486",50
"Graph1487",50
"Graph1488",50
"Graph1489",50
"Graph1490",50
"Graph1491",50
"Graph1492",50
"Graph1493",50
"Graph1494",50
"Graph1495",50
"Graph1496",50
"Graph1497",50
"Graph1498",50
"Graph1499",50
"Graph1500",50
"Graph1501",50
"Graph1502",50
"Graph1503",50
"Graph1504",50
"Graph1505",50
"Graph1506",50
"Graph1507",50
"Graph1508",50
"Graph1509",50
"Graph1510",50
"Graph1511",50
"Graph1512",50
"Graph1513",50
"Graph1514",50
"Graph1515",50
"Graph1516",50
"Graph1517",50
"Graph1518",50
"Graph1519",50
"Graph1520",50
"Graph1521",50
"Graph1522",50
"Graph1523",50
"Graph1524",50
"Graph1525",50
"Graph1526",50
"Graph1527",50
"Graph1528",50
"Graph1529",50
"Graph1530",50
"Graph1531",50
"Graph1532",50
"Graph1533",50
"Graph1534",50
"Graph1535",50
"Graph1536",50
"Graph1537",50
"Graph1538",50
"Graph1539",50
"Graph1540",50
"Graph1541",50
"Graph1542",50
"Graph1543",50
"Graph1544",50
"Graph1545",50
"Graph1546",50
"Graph1547",50
"Graph1548",50
"Graph1549",50
"Graph1550",50
"Graph1551",50
"Graph1552",50
"Graph1553",50
"Graph1554",50
"Graph1555",50
"Graph1556",50
"Graph1557",50
"Graph1558",50
"Graph1559",50
"Graph1560",50
"Graph1561",50
"Graph1562",50
"Graph1563",50
"Graph1564",50
"Graph1565",50
"Graph1566",50
"Graph1567",50
"Graph1568",50
"Graph1569",50
"Graph1570",50
"Graph1571",50
"Graph1572",50
"Graph1573",50
"Graph1574",50
"Graph1575",50
"Graph1576",50
"Graph1577",50
"Graph1578",50
"Graph1579",50
"Graph1580",50
"Graph1581",50
"Graph1582",50
"Graph1583",50
"Graph1584",50
"Graph1585",50
"Graph1586",50
"Graph1587",50
"Graph1588",50
"Graph1589",50
"Graph1590",50
"Graph1591",50
"Graph1592",50
"Graph1593",50
"Graph1594",50
"Graph1595",50
"Graph1596",50
"Graph1597",50
"Graph1598",50
"Graph1599",50
"Graph1600",50
"Graph1601",50
"Graph1602",50
"Graph1603",50
"Graph1604",50
"Graph1605",50
"Graph1606",50
"Graph1607",50
"Graph1608",50
"Graph1609",50
"Graph1610",50
"Graph1611",50
"Graph1612",50
"Graph1613",50
"Graph1614",50
"Graph1615",50
"Graph1616",50
"Graph1617",50
"Graph1618",50
"Graph1619",50
"Graph1620",50
"Graph1621",50
"Graph1622",50
"Graph1623",50
"Graph1624",50
"Graph1625",50
"Graph1626",50
"Graph1627",50
"Graph1628",50
"Graph1629",50
"Graph1630",50
"Graph1631",50
"Graph1632",50
"Graph1633",50
"Graph1634",50
"Graph1635",50
"Graph1636",50
"Graph1637",50
"Graph1638",50
"Graph1639",50
"Graph1640",50
"Graph1641",50
"Graph1642",50
"Graph1643",50
"Graph1644",50
"Graph1645",50
"Graph1646",50
"Graph1647",50
"Graph1648",50
"Graph1649",50
"Graph1650",50
"Graph1651",50
"Graph1652",50
"Graph1653",50
"Graph1654",50
"Graph1655",50
"Graph1656",50
"Graph1657",50
"Graph1658",50
"Graph1659",50
"Graph1660",50
"Graph1661",50
"Graph1662",50
"Graph1663",50
"Graph1664",50
"Graph1665",50
"Graph1666",50
"Graph1667",50
"Graph1668",50
"Graph1669",50
"Graph1670",50
"Graph1671",50
"Graph1672",50
"Graph1673",50
"Graph1674",50
"Graph1675",50
"Graph1676",50
"Graph1677",50
"Graph1678",50
"Graph1679",50
"Graph1680",50
"Graph1681",50
"Graph1682",50
"Graph1683",50
"Graph1684",50
"Graph1685",50
"Graph1686",50
"Graph1687",50
"Graph1688",50
"Graph1689",50
"Graph1690",50
"Graph1691",50
"Graph1692",50
"Graph1693",50
"Graph1694",50
"Graph1695",50
"Graph1696",50
"Graph1697",50
"Graph1698",50
"Graph1699",50
"Graph1700",50
"Graph1701",50
"Graph1702",50
"Graph1703",50
"Graph1704",50
"Graph1705",50
"Graph1706",50
"Graph1707",50
"Graph1708",50
"Graph1709",50
"Graph1710",50
"Graph1711",50
"Graph1712",50
"Graph1713",50
"Graph1714",50
"Graph1715",50
"Graph1716",50
"Graph1717",50
"Graph1718",50
"Graph1719",50
"Graph1720",50
"Graph1721",50
"Graph1722",50
"Graph1723",50
"Graph1724",50
"Graph1725",50
"Graph1726",50
"Graph1727",50
"Graph1728",50
"Graph1729",50
"Graph1730",50
"Graph1731",50
"Graph1732",50
"Graph1733",50
"Graph1734",50
"Graph1735",50
"Graph1736",50
"Graph1737",50
"Graph1738",50
"Graph1739",50
"Graph1740",50
"Graph1741",50
"Graph1742",50
"Graph1743",50
"Graph1744",50
"Graph1745",50
"Graph1746",50
"Graph1747",50
"Graph1748",50
"Graph1749",50
"Graph1750",50
"Graph1751",50
"Graph1752",50
"Graph1753",50
"Graph1754",50
"Graph1755",50
"Graph1756",50
"Graph1757",50
"Graph1758",50
"Graph1759",50
"Graph1760",50
"Graph1761",50
"Graph1762",50
"Graph1763",50
"Graph1764",50
"Graph1765",50
"Graph1766",50
"Graph1767",50
"Graph1768",50
"Graph1769",50
"Graph1770",50
"Graph1771",50
"Graph1772",50
"Graph1773",50
"Graph1774",50
"Graph1775",50
"Graph1776",50
"Graph1777",50
"Graph1778",50
"Graph1779",50
"Graph1780",50
"Graph1781",50
"Graph1782",50
"Graph1783",50
"Graph1784",50
"Graph1785",50
"Graph1786",50
"Graph1787",50
"Graph1788",50
"Graph1789",50
"Graph1790",50
"Graph1791",50
"Graph1792",50
"Graph1793",50
"Graph1794",50
"Graph1795",50
"Graph1796",50
"Graph1797",50
"Graph1798",50
"Graph1799",50
"Graph1800",50
"Graph1801",50
"Graph1802",50
"Graph1803",50
"Graph1804",50
"Graph1805",50
"Graph1806",50
"Graph1807",50
"Graph1808",50
"Graph1809",50
"Graph1810",50
"Graph1811",50
"Graph1812",50
"Graph1813",50
"Graph1814",50
"Graph1815",50
"Graph1816",50
"Graph1817",50
"Graph1818",50
"Graph1819",50
"Graph1820",50
"Graph1821",50
"Graph1822",50
"Graph1823",50
"Graph1824",50
"Graph1825",50
"Graph1826",50
"Graph1827",50
"Graph1828",50
"Graph1829",50
"Graph1830",50
"Graph1831",50
"Graph1832",50
"Graph1833",50
"Graph1834",50
"Graph1835",50
"Graph1836",50
"Graph1837",50
"Graph1838",50
"Graph1839",50
"Graph1840",50
"Graph1841",50
"Graph1842",50
"Graph1843",50
"Graph1844",50
"Graph1845",50
"Graph1846",50
"Graph1847",50
"Graph1848",50
"Graph1849",50
"Graph1850",50
"Graph1851",50
"Graph1852",50
"Graph1853",50
"Graph1854",50
"Graph1855",50
"Graph1856",50
"Graph1857",50
"Graph1858",50
"Graph1859",50
"Graph1860",50
"Graph1861",50
"Graph1862",50
"Graph1863",50
"Graph1864",50
"Graph1865",50
"Graph1866",50
"Graph1867",50
"Graph1868",50
"Graph1869",50
"Graph1870",50
"Graph1871",50
"Graph1872",50
"Graph1873",50
"Graph1874",50
"Graph1875",50
"Graph1876",50
"Graph1877",50
"Graph1878",50
"Graph1879",50
"Graph1880",50
"Graph1881",50
"Graph1882",50
"Graph1883",50
"Graph1884",50
"Graph1885",50
"Graph1886",50
"Graph1887",50
"Graph1888",50
"Graph1889",50
"Graph1890",50
"Graph1891",50
"Graph1892",50
"Graph1893",50
"Graph1894",50
"Graph1895",50
"Graph1896",50
"Graph1897",50
"Graph1898",50
"Graph1899",50
"Graph1900",50
"Graph1901",50
"Graph1902",50
"Graph1903",50
"Graph1904",50
"Graph1905",50
"Graph1906",50
"Graph1907",50
"Graph1908",50
"Graph1909",50
"Graph1910",50
"Graph1911",50
"Graph1912",50
"Graph1913",50
"Graph1914",50
"Graph1915",50
"Graph1916",50
"Graph1917",50
"Graph1918",50
"Graph1919",50
"Graph1920",50
"Graph1921",50
"Graph1922",50
"Graph1923",50
"Graph1924",50
"Graph1925",50
"Graph1926",50
"Graph1927",50
"Graph1928",50
"Graph1929",50
"Graph1930",50
"Graph1931",50
"Graph1932",50
"Graph1933",50
"Graph1934",50
"Graph1935",50
"Graph1936",50
"Graph1937",50
"Graph1938",50
"Graph1939",50
"Graph1940",50
"Graph1941",50
"Graph1942",50
"Graph1943",50
"Graph1944",50
"Graph1945",50
"Graph1946",50
"Graph1947",50
"Graph1948",50
"Graph1949",50
"Graph1950",50
"Graph1951",50
"Graph1952",50
"Graph1953",50
"Graph1954",50
"Graph1955",50
"Graph1956",50
"Graph1957",50
"Graph1958",50
"Graph1959",50
"Graph1960",50
"Graph1961",50
"Graph1962",50
"Graph1963",50
"Graph1964",50
"Graph1965",50
"Graph1966",50
"Graph1967",50
"Graph1968",50
"Graph1969",50
"Graph1970",50
"Graph1971",50
"Graph1972",50
"Graph1973",50
"Graph1974",50
"Graph1975",50
"Graph1976",50
"Graph1977",50
"Graph1978",50
"Graph1979",50
"Graph1980",50
"Graph1981",50
"Graph1982",50
"Graph1983",50
"Graph1984",50
"Graph1985",50
"Graph1986",50
"Graph1987",50
"Graph1988",50
"Graph1989",50
"Graph1990",50
"Graph1991",50
"Graph1992",50
"Graph1993",50
"Graph1994",50
"Graph1995",50
"Graph1996",50
"Graph1997",50
"Graph1998",50
"Graph1999",50
"Graph2000",50
